epoch,time,train/box_loss,train/cls_loss,train/dfl_loss,metrics/precision(B),metrics/recall(B),metrics/mAP50(B),metrics/mAP50-95(B),val/box_loss,val/cls_loss,val/dfl_loss,lr/pg0,lr/pg1,lr/pg2
1,14.4302,1.47909,3.31326,2.00847,0.00327,1,0.58204,0.30836,0.9327,3.83003,1.98386,0.000125,0.000125,0.000125
2,23.8317,1.31987,3.09757,1.85154,0.00331,1,0.70183,0.52243,0.73352,3.72658,1.45268,0.000257303,0.000257303,0.000257303
3,33.2129,0.88973,2.71392,1.50943,0.01075,1,0.70183,0.5631,0.68237,3.57536,1.33574,0.00038416,0.00038416,0.00038416
4,42.2954,0.92131,2.50112,1.44439,0.98558,0.25,0.796,0.6567,0.74531,3.3823,1.38598,0.000505572,0.000505572,0.000505572
5,51.7062,0.7474,2.00895,1.27413,0.00427,1,0.88444,0.74349,0.64722,3.06214,1.18213,0.00062154,0.00062154,0.00062154
6,61.4858,0.73564,1.90464,1.28123,0.85058,0.75,0.995,0.8955,0.54737,2.45786,1.08466,0.000732063,0.000732063,0.000732063
7,72.9201,0.66749,1.65395,1.21498,0.8411,1,0.995,0.8955,0.57699,1.89463,1.06992,0.00083714,0.00083714,0.00083714
8,84.3764,0.62416,1.68313,1.20675,0.58688,1,0.995,0.85819,0.76188,2.21632,1.25905,0.000936772,0.000936772,0.000936772
9,95.8763,0.63427,1.48213,1.16092,0.58688,1,0.995,0.85819,0.76188,2.21632,1.25905,0.00103096,0.00103096,0.00103096
10,105.628,0.63131,1.33746,1.12279,0.98353,0.5,0.87062,0.78356,0.8709,2.4286,1.40716,0.00102725,0.00102725,0.00102725
11,114.575,0.56745,1.30076,1.11601,0.87771,0.75,0.81171,0.57751,0.82301,2.8722,1.24321,0.0010025,0.0010025,0.0010025
12,123.515,0.53589,1.25603,1.10364,0.87771,0.75,0.81171,0.57751,0.82301,2.8722,1.24321,0.00097775,0.00097775,0.00097775
13,132.576,0.77366,1.40841,1.28712,0.68745,1,0.995,0.8955,0.43933,2.14047,0.7691,0.000953,0.000953,0.000953
14,141.696,0.56929,1.35067,1.12315,0.9377,1,0.995,0.92037,0.41482,1.58421,0.7308,0.00092825,0.00092825,0.00092825
15,150.512,0.84481,1.49936,1.34278,0.9377,1,0.995,0.92037,0.41482,1.58421,0.7308,0.0009035,0.0009035,0.0009035
16,159.529,0.57053,1.28974,1.11881,0.78112,1,0.995,0.92037,0.43216,1.72306,0.76154,0.00087875,0.00087875,0.00087875
17,168.901,0.50538,1.24351,1.1089,0.94974,1,0.995,0.94525,0.38247,1.62771,0.70306,0.000854,0.000854,0.000854
18,178.391,0.48834,1.11433,1.04597,0.77139,1,0.995,0.84575,0.3698,2.54873,0.66219,0.00082925,0.00082925,0.00082925
19,187.614,0.457,1.07718,1.05251,0.77139,1,0.995,0.84575,0.3698,2.54873,0.66219,0.0008045,0.0008045,0.0008045
20,196.806,0.49791,1.23674,1.03382,0.89502,1,0.995,0.995,0.30371,2.14291,0.63269,0.00077975,0.00077975,0.00077975
21,206.087,0.52823,1.15531,1.0943,0.97458,1,0.995,0.995,0.29278,1.51412,0.61906,0.000755,0.000755,0.000755
22,215.103,0.50861,1.09554,1.06483,0.97458,1,0.995,0.995,0.29278,1.51412,0.61906,0.00073025,0.00073025,0.00073025
23,224.07,0.44847,0.99161,1.05908,0.97341,1,0.995,0.995,0.27572,1.1501,0.61738,0.0007055,0.0007055,0.0007055
24,233.066,0.45105,1.09429,1.06133,0.96315,1,0.995,0.97013,0.2817,1.0761,0.61601,0.00068075,0.00068075,0.00068075
25,242.074,0.4549,1.02148,1.00541,0.96315,1,0.995,0.97013,0.2817,1.0761,0.61601,0.000656,0.000656,0.000656
26,250.637,0.41145,0.97876,1.00609,0.98557,1,0.995,0.92037,0.3461,1.05081,0.62028,0.00063125,0.00063125,0.00063125
27,259.744,0.37237,0.86928,0.98748,0.98352,1,0.995,0.92037,0.36464,1.18957,0.61057,0.0006065,0.0006065,0.0006065
28,270.928,0.42795,1.01141,1.01808,0.98352,1,0.995,0.92037,0.36464,1.18957,0.61057,0.00058175,0.00058175,0.00058175
29,280.296,0.42523,0.92389,1.02673,0.96328,1,0.995,0.995,0.30316,1.2158,0.5731,0.000557,0.000557,0.000557
30,289.702,0.42434,1.01575,1.03665,0.94805,1,0.995,0.97013,0.25955,1.14457,0.56123,0.00053225,0.00053225,0.00053225
1,15.3916,1.51972,3.33045,2.09752,0.00333,1,0.57499,0.36081,0.94962,3.84203,1.99513,0.00015,0.00015,0.00015
2,25.7695,1.20833,3.12509,1.73929,0.00368,1,0.65762,0.52136,0.66847,3.78681,1.60056,0.000306312,0.000306312,0.000306312
3,36.0484,1.00559,2.60583,1.51863,0.0043,1,0.72869,0.56978,0.88788,3.72109,1.84398,0.00045619,0.00045619,0.00045619
4,46.1882,0.85311,2.29327,1.43145,0.00477,1,0.995,0.77527,0.78678,3.20994,1.50069,0.000599632,0.000599632,0.000599632
5,56.4653,0.81027,1.89561,1.30017,0.67476,1,0.995,0.82087,0.84119,2.72698,1.52472,0.00073664,0.00073664,0.00073664
6,66.8377,0.7582,1.84358,1.27235,0.90727,1,0.995,0.75717,1.14439,2.71912,1.73554,0.000867213,0.000867213,0.000867213
7,76.85,0.71933,1.64717,1.23985,0.79035,0.75,0.995,0.83331,0.70428,2.42809,1.16428,0.00099135,0.00099135,0.00099135
8,86.9663,0.70339,1.48944,1.26368,0.74126,1,0.995,0.92037,0.64058,2.57015,1.15697,0.00107675,0.00107675,0.00107675
9,96.941,0.63733,1.33197,1.165,0.74126,1,0.995,0.92037,0.64058,2.57015,1.15697,0.001052,0.001052,0.001052
10,107.143,0.5625,1.54326,1.14521,0.71813,1,0.995,0.8955,0.60315,6.19813,1.09519,0.00102725,0.00102725,0.00102725
11,117.55,0.55773,1.34426,1.12918,0.98292,1,0.995,0.94525,0.4384,1.56731,0.81179,0.0010025,0.0010025,0.0010025
12,127.968,0.54225,1.26234,1.07284,0.98494,1,0.995,0.97013,0.33969,1.74993,0.71216,0.00097775,0.00097775,0.00097775
13,138.267,0.59613,1.33553,1.12607,0.94466,1,0.995,0.94525,0.41107,1.59699,0.74922,0.000953,0.000953,0.000953
14,148.613,0.5587,1.16761,1.11383,0.98036,1,0.995,0.94525,0.41814,1.60091,0.74897,0.00092825,0.00092825,0.00092825
15,158.799,0.54807,1.21803,1.06708,0.98036,1,0.995,0.94525,0.41814,1.60091,0.74897,0.0009035,0.0009035,0.0009035
16,169.167,0.49135,1.21198,1.07342,0.97827,1,0.995,0.94525,0.31726,2.0901,0.59897,0.00087875,0.00087875,0.00087875
17,179.645,0.47746,1.00569,1.05228,0.84297,1,0.995,0.94525,0.38257,1.58882,0.70831,0.000854,0.000854,0.000854
18,189.762,0.483,1.101,1.03774,0.93158,1,0.995,0.92037,0.34873,1.31188,0.65404,0.00082925,0.00082925,0.00082925
19,199.892,0.52943,1.14563,1.10954,0.98816,1,0.995,0.92037,0.48632,1.18971,0.82921,0.0008045,0.0008045,0.0008045
20,210.179,0.49288,1.24504,1.08542,0.98816,1,0.995,0.92037,0.48632,1.18971,0.82921,0.00077975,0.00077975,0.00077975
21,220.895,0.48038,1.14325,1.07579,0.98516,1,0.995,0.97013,0.4074,1.24216,0.69259,0.000755,0.000755,0.000755
22,232.149,0.40567,1.01017,0.97562,0.97697,1,0.995,0.97013,0.32862,1.16889,0.60545,0.00073025,0.00073025,0.00073025
1,20.9318,1.50919,3.35736,2.06355,0.00334,1,0.8367,0.54011,0.77147,3.74113,1.63826,0.0002375,0.0002375,0.0002375
2,37.0901,0.97485,2.65207,1.48168,0.00332,1,0.71233,0.60296,0.54878,3.47609,1.22417,0.000477848,0.000477848,0.000477848
3,53.0328,0.74374,2.12582,1.3143,0.92488,0.75,0.87062,0.77112,0.73494,2.39155,1.26171,0.000708295,0.000708295,0.000708295
4,68.7341,0.71838,1.65141,1.21601,0.98287,0.5,0.80516,0.65133,1.01023,2.59421,1.58632,0.000928842,0.000928842,0.000928842
5,84.434,0.67948,1.56474,1.19019,0.7847,0.75,0.995,0.87063,0.71803,2.37616,1.16354,0.00113949,0.00113949,0.00113949
6,100.67,0.64225,1.60885,1.17066,0.5337,1,0.995,0.92037,0.51786,5.92195,0.8769,0.00112625,0.00112625,0.00112625
7,116.725,0.5861,1.37397,1.10646,0.50385,1,0.995,0.92037,0.45949,6.41994,0.80935,0.0011015,0.0011015,0.0011015
8,132.304,0.58089,1.43322,1.13701,0.77503,1,0.995,0.995,0.30506,4.44968,0.66563,0.00107675,0.00107675,0.00107675
9,147.699,0.53676,1.20095,1.07476,0.97329,1,0.995,0.97013,0.44297,2.32107,0.77827,0.001052,0.001052,0.001052
10,163.052,0.58365,1.37293,1.16813,0.83046,1,0.995,0.8955,0.38217,2.23372,0.72035,0.00102725,0.00102725,0.00102725
11,178.748,0.4899,1.17957,1.05303,0.98382,1,0.995,0.92037,0.41486,2.2809,0.76832,0.0010025,0.0010025,0.0010025
12,194.408,0.51842,1.054,1.05247,0.99006,1,0.995,0.94525,0.36757,1.61834,0.69715,0.00097775,0.00097775,0.00097775
13,210.068,0.51973,1.133,1.09501,0.99108,1,0.995,0.94525,0.3793,1.20973,0.69493,0.000953,0.000953,0.000953
14,225.888,0.43197,1.02322,1.04216,0.96701,1,0.995,0.92037,0.49662,1.32244,0.85051,0.00092825,0.00092825,0.00092825
15,241.505,0.45216,0.99032,1.0094,0.98545,1,0.995,0.92037,0.43315,1.27657,0.75825,0.0009035,0.0009035,0.0009035
16,256.851,0.43648,1.00058,1.02878,0.98635,1,0.995,0.995,0.24945,1.12354,0.59319,0.00087875,0.00087875,0.00087875
17,272.147,0.44466,0.94533,0.98377,0.98505,1,0.995,0.995,0.27814,1.10692,0.6298,0.000854,0.000854,0.000854
18,288.373,0.41404,0.878,1.00393,0.99148,1,0.995,0.995,0.29747,1.04402,0.62192,0.00082925,0.00082925,0.00082925
